-- --------------------------------------------------------
-- Host:                         127.0.0.1
-- Server version:               10.4.32-MariaDB - mariadb.org binary distribution
-- Server OS:                    Win64
-- HeidiSQL Version:             11.1.0.6116
-- --------------------------------------------------------

/*!40101 SET @OLD_CHARACTER_SET_CLIENT=@@CHARACTER_SET_CLIENT */;
/*!40101 SET NAMES utf8 */;
/*!50503 SET NAMES utf8mb4 */;
/*!40014 SET @OLD_FOREIGN_KEY_CHECKS=@@FOREIGN_KEY_CHECKS, FOREIGN_KEY_CHECKS=0 */;
/*!40101 SET @OLD_SQL_MODE=@@SQL_MODE, SQL_MODE='NO_AUTO_VALUE_ON_ZERO' */;
/*!40111 SET @OLD_SQL_NOTES=@@SQL_NOTES, SQL_NOTES=0 */;

-- Dumping structure for table pretest-one.failed_jobs
CREATE TABLE IF NOT EXISTS `failed_jobs` (
  `id` bigint(20) unsigned NOT NULL AUTO_INCREMENT,
  `uuid` varchar(255) NOT NULL,
  `connection` text NOT NULL,
  `queue` text NOT NULL,
  `payload` longtext NOT NULL,
  `exception` longtext NOT NULL,
  `failed_at` timestamp NOT NULL DEFAULT current_timestamp(),
  PRIMARY KEY (`id`),
  UNIQUE KEY `failed_jobs_uuid_unique` (`uuid`)
) ENGINE=InnoDB DEFAULT CHARSET=utf8mb4 COLLATE=utf8mb4_unicode_ci;

-- Dumping data for table pretest-one.failed_jobs: ~0 rows (approximately)
/*!40000 ALTER TABLE `failed_jobs` DISABLE KEYS */;
/*!40000 ALTER TABLE `failed_jobs` ENABLE KEYS */;

-- Dumping structure for table pretest-one.hasil_response
CREATE TABLE IF NOT EXISTS `hasil_response` (
  `nama` varchar(255) NOT NULL,
  `jenis_kelamin` enum('1','2') NOT NULL,
  `email` varchar(255) NOT NULL,
  `nama_jalan` varchar(255) NOT NULL,
  `angka_kurang` int(11) NOT NULL,
  `angka_lebih` int(11) NOT NULL,
  `profesi` enum('A','B','C','D','E') NOT NULL,
  `plain_json` longtext CHARACTER SET utf8mb4 COLLATE utf8mb4_bin NOT NULL CHECK (json_valid(`plain_json`)),
  UNIQUE KEY `hasil_response_email_unique` (`email`)
) ENGINE=InnoDB DEFAULT CHARSET=utf8mb4 COLLATE=utf8mb4_unicode_ci;

-- Dumping data for table pretest-one.hasil_response: ~25 rows (approximately)
/*!40000 ALTER TABLE `hasil_response` DISABLE KEYS */;
INSERT INTO `hasil_response` (`nama`, `jenis_kelamin`, `email`, `nama_jalan`, `angka_kurang`, `angka_lebih`, `profesi`, `plain_json`) VALUES
	('Alexis Lavigne', '2', 'alexis.lavigne@example.com', '590 Disputed Rd', 10, 4, 'B', '{"gender":"female","name":{"title":"Mrs","first":"Alexis","last":"Lavigne"},"location":{"street":{"number":590,"name":"Disputed Rd"},"city":"Flatrock","state":"Nunavut","country":"Canada","postcode":"Q5N 8F3","coordinates":{"latitude":"-66.9931","longitude":"108.3816"},"timezone":{"offset":"+8:00","description":"Beijing, Perth, Singapore, Hong Kong"}},"email":"alexis.lavigne@example.com","login":{"uuid":"089d0659-2765-4730-be4e-ab89d4c5c4c6","username":"tinymouse741","password":"darrel","salt":"DxuDoa74","md5":"904dcbaa49bafd3bd574163cf8aecb90","sha1":"89146701c0ae550ae4e5270b2cac1e5f993df36e","sha256":"b6193146fab6cf281a0fadc0388faf7bfa5f717bf4b2f9b5caa7151de73a53c5"},"dob":{"date":"1974-12-26T03:45:23.876Z","age":49},"registered":{"date":"2013-11-10T21:10:49.159Z","age":10},"phone":"H83 T27-4201","cell":"X81 G15-5077","id":{"name":"SIN","value":"777100132"},"picture":{"large":"https:\\/\\/randomuser.me\\/api\\/portraits\\/women\\/80.jpg","medium":"https:\\/\\/randomuser.me\\/api\\/portraits\\/med\\/women\\/80.jpg","thumbnail":"https:\\/\\/randomuser.me\\/api\\/portraits\\/thumb\\/women\\/80.jpg"},"nat":"CA"}'),
	('Andreia Michel', '2', 'andreia.michel@example.com', '9789 Rue de L\'Abbé-Soulange-Bodin', 13, 8, 'B', '{"gender":"female","name":{"title":"Mademoiselle","first":"Andreia","last":"Michel"},"location":{"street":{"number":9789,"name":"Rue de L\'Abb\\u00e9-Soulange-Bodin"},"city":"Ferrera","state":"Fribourg","country":"Switzerland","postcode":3629,"coordinates":{"latitude":"-57.3325","longitude":"26.8065"},"timezone":{"offset":"-4:00","description":"Atlantic Time (Canada), Caracas, La Paz"}},"email":"andreia.michel@example.com","login":{"uuid":"0b04f944-9122-4220-9b64-44cef5406d88","username":"crazyfish372","password":"golden1","salt":"dijjkcuS","md5":"b4f24b8b9695122cfa86d96885d00ef8","sha1":"423a4676e69b4446bb85c47fff0adc5dd400c760","sha256":"33c56693400db31ba437b2cfe82e3a33eeacc73d3b2ddf0ba0fe2f8636702865"},"dob":{"date":"1989-02-08T13:43:32.668Z","age":35},"registered":{"date":"2020-07-12T16:29:43.943Z","age":3},"phone":"075 485 54 79","cell":"076 486 89 33","id":{"name":"AVS","value":"756.2146.1640.39"},"picture":{"large":"https:\\/\\/randomuser.me\\/api\\/portraits\\/women\\/90.jpg","medium":"https:\\/\\/randomuser.me\\/api\\/portraits\\/med\\/women\\/90.jpg","thumbnail":"https:\\/\\/randomuser.me\\/api\\/portraits\\/thumb\\/women\\/90.jpg"},"nat":"CH"}'),
	('آریا مرادی', '1', 'ary.mrdy@example.com', '29 پارک شریعتی', 19, 4, 'B', '{"gender":"male","name":{"title":"Mr","first":"\\u0622\\u0631\\u06cc\\u0627","last":"\\u0645\\u0631\\u0627\\u062f\\u06cc"},"location":{"street":{"number":29,"name":"\\u067e\\u0627\\u0631\\u06a9 \\u0634\\u0631\\u06cc\\u0639\\u062a\\u06cc"},"city":"\\u0633\\u0627\\u0631\\u06cc","state":"\\u062a\\u0647\\u0631\\u0627\\u0646","country":"Iran","postcode":81562,"coordinates":{"latitude":"20.9549","longitude":"-41.0118"},"timezone":{"offset":"-3:30","description":"Newfoundland"}},"email":"ary.mrdy@example.com","login":{"uuid":"2a50e73c-609a-427d-b19d-e0b499f1c837","username":"organicsnake909","password":"baseball","salt":"AcMPiE3m","md5":"a3f13d313459c92b612e96a221c2a508","sha1":"768b7254d2bf15d0dba93b5762173590baf3b7f3","sha256":"bc706c8e38cf7d621b33fa116cc1993c60133b8fc4d496b55360fcb49e104f0f"},"dob":{"date":"1946-06-28T22:16:31.350Z","age":77},"registered":{"date":"2016-04-12T09:57:15.031Z","age":8},"phone":"065-91752493","cell":"0947-209-4802","id":{"name":"","value":null},"picture":{"large":"https:\\/\\/randomuser.me\\/api\\/portraits\\/men\\/29.jpg","medium":"https:\\/\\/randomuser.me\\/api\\/portraits\\/med\\/men\\/29.jpg","thumbnail":"https:\\/\\/randomuser.me\\/api\\/portraits\\/thumb\\/men\\/29.jpg"},"nat":"IR"}'),
	('Dorogomisl Kiva', '1', 'dorogomisl.kiva@example.com', '1845 Mikoli Bencalya', 17, 1, 'B', '{"gender":"male","name":{"title":"Mr","first":"Dorogomisl","last":"Kiva"},"location":{"street":{"number":1845,"name":"Mikoli Bencalya"},"city":"Korec","state":"Odeska","country":"Ukraine","postcode":95333,"coordinates":{"latitude":"80.8763","longitude":"-144.2102"},"timezone":{"offset":"+2:00","description":"Kaliningrad, South Africa"}},"email":"dorogomisl.kiva@example.com","login":{"uuid":"5682079f-30cc-47b2-8c21-556c4d614799","username":"bluebird409","password":"scrapper","salt":"ocWXDUkV","md5":"e24cc20bba4ba3106fc33e37463587b2","sha1":"b3089b20be4c2ec1aa2dac722dc19989d3ab4590","sha256":"7b1b00819f31dfe619180141fbda5f4bad2c4fd640e62aa67f01b999a22e2f79"},"dob":{"date":"1964-03-16T17:17:58.199Z","age":60},"registered":{"date":"2010-07-06T18:46:20.656Z","age":13},"phone":"(067) W41-2455","cell":"(067) O64-5206","id":{"name":"","value":null},"picture":{"large":"https:\\/\\/randomuser.me\\/api\\/portraits\\/men\\/80.jpg","medium":"https:\\/\\/randomuser.me\\/api\\/portraits\\/med\\/men\\/80.jpg","thumbnail":"https:\\/\\/randomuser.me\\/api\\/portraits\\/thumb\\/men\\/80.jpg"},"nat":"UA"}'),
	('Edgar Rodriguez', '1', 'edgar.rodriguez@example.com', '1784 W 6th St', 14, 4, 'E', '{"gender":"male","name":{"title":"Mr","first":"Edgar","last":"Rodriguez"},"location":{"street":{"number":1784,"name":"W 6th St"},"city":"Perth","state":"Victoria","country":"Australia","postcode":9588,"coordinates":{"latitude":"-88.2518","longitude":"-22.4480"},"timezone":{"offset":"+11:00","description":"Magadan, Solomon Islands, New Caledonia"}},"email":"edgar.rodriguez@example.com","login":{"uuid":"4cf2dad2-cd9c-49f6-a582-c275392e4720","username":"orangedog802","password":"dynamo","salt":"WYKXK9yx","md5":"dcde74e11e1e5a8d24c3028280e90e4a","sha1":"4bd42c82bae768fb29c0365ec279741d8059443a","sha256":"adf8b843579adeaa1a96f938b35692003f2c53b43127869457e9daba4ccb5c59"},"dob":{"date":"1954-02-09T16:47:41.768Z","age":70},"registered":{"date":"2011-05-02T12:28:48.177Z","age":12},"phone":"02-5192-4109","cell":"0485-426-147","id":{"name":"TFN","value":"268594514"},"picture":{"large":"https:\\/\\/randomuser.me\\/api\\/portraits\\/men\\/37.jpg","medium":"https:\\/\\/randomuser.me\\/api\\/portraits\\/med\\/men\\/37.jpg","thumbnail":"https:\\/\\/randomuser.me\\/api\\/portraits\\/thumb\\/men\\/37.jpg"},"nat":"AU"}'),
	('Emma Wilson', '2', 'emma.wilson@example.com', '5351 Grange Road', 14, 5, 'C', '{"gender":"female","name":{"title":"Ms","first":"Emma","last":"Wilson"},"location":{"street":{"number":5351,"name":"Grange Road"},"city":"Edinburgh","state":"Devon","country":"United Kingdom","postcode":"RZ1B 7XB","coordinates":{"latitude":"-4.7272","longitude":"147.0338"},"timezone":{"offset":"+9:00","description":"Tokyo, Seoul, Osaka, Sapporo, Yakutsk"}},"email":"emma.wilson@example.com","login":{"uuid":"5fcd8354-ac0b-4b15-a8d9-ef60422b620e","username":"organictiger960","password":"supra","salt":"WbRUftkF","md5":"f0330a4148cefe8979dc46940f54bf2e","sha1":"e438ce441e23b0583aae9103da4933a753346b43","sha256":"d93d4007a645cc7877169d153b0f92909700b3d8963f3857e20f1839e0e43144"},"dob":{"date":"1966-12-19T19:58:27.590Z","age":57},"registered":{"date":"2003-05-19T22:08:18.155Z","age":20},"phone":"016974 25497","cell":"07214 747895","id":{"name":"NINO","value":"CT 80 03 76 B"},"picture":{"large":"https:\\/\\/randomuser.me\\/api\\/portraits\\/women\\/30.jpg","medium":"https:\\/\\/randomuser.me\\/api\\/portraits\\/med\\/women\\/30.jpg","thumbnail":"https:\\/\\/randomuser.me\\/api\\/portraits\\/thumb\\/women\\/30.jpg"},"nat":"GB"}'),
	('Erica Aalberg', '2', 'erica.aalberg@example.com', '7321 Gråsteinveien', 17, 5, 'C', '{"gender":"female","name":{"title":"Miss","first":"Erica","last":"Aalberg"},"location":{"street":{"number":7321,"name":"Gr\\u00e5steinveien"},"city":"Mork","state":"Akershus","country":"Norway","postcode":"3122","coordinates":{"latitude":"39.7502","longitude":"137.5799"},"timezone":{"offset":"-3:00","description":"Brazil, Buenos Aires, Georgetown"}},"email":"erica.aalberg@example.com","login":{"uuid":"4f45b480-57a7-4de6-9e2d-65c73e97aa85","username":"smallgorilla388","password":"bigtime","salt":"EOB27Ag4","md5":"08f420339bd23e43842668d5d57f07a8","sha1":"209a0d922584d9d605bd0a0d659eaca2f9d0b4ac","sha256":"107f512f70e6a4c795018d20e782fd072b80f0a798ffa2133cd95256f33d45f1"},"dob":{"date":"1988-08-29T06:28:02.462Z","age":35},"registered":{"date":"2011-09-12T23:17:41.400Z","age":12},"phone":"85466536","cell":"98680040","id":{"name":"FN","value":"29088829253"},"picture":{"large":"https:\\/\\/randomuser.me\\/api\\/portraits\\/women\\/20.jpg","medium":"https:\\/\\/randomuser.me\\/api\\/portraits\\/med\\/women\\/20.jpg","thumbnail":"https:\\/\\/randomuser.me\\/api\\/portraits\\/thumb\\/women\\/20.jpg"},"nat":"NO"}'),
	('Faisa Kon', '2', 'faisa.kon@example.com', '8818 Baantjebolwerk', 12, 7, 'E', '{"gender":"female","name":{"title":"Miss","first":"Faisa","last":"Kon"},"location":{"street":{"number":8818,"name":"Baantjebolwerk"},"city":"Nes gem Dongeradeel","state":"Zuid-Holland","country":"Netherlands","postcode":"0645 YZ","coordinates":{"latitude":"38.1024","longitude":"179.7818"},"timezone":{"offset":"+9:00","description":"Tokyo, Seoul, Osaka, Sapporo, Yakutsk"}},"email":"faisa.kon@example.com","login":{"uuid":"465ee19f-c8c7-421e-90ab-1927ffdb4d30","username":"silverbird631","password":"orgasms","salt":"GWDke32d","md5":"738b940e8f08eb436fbcfe8a99011a44","sha1":"220b158c8a9503e1cbad150b8b8c1eca99b706b0","sha256":"4ab6ffe81f0acee031684796d45e7273cd865be3527ab6dc7ea89ca63a54530c"},"dob":{"date":"1952-07-02T10:12:34.029Z","age":71},"registered":{"date":"2011-11-04T12:18:35.753Z","age":12},"phone":"(0088) 086085","cell":"(06) 11316473","id":{"name":"BSN","value":"19976851"},"picture":{"large":"https:\\/\\/randomuser.me\\/api\\/portraits\\/women\\/95.jpg","medium":"https:\\/\\/randomuser.me\\/api\\/portraits\\/med\\/women\\/95.jpg","thumbnail":"https:\\/\\/randomuser.me\\/api\\/portraits\\/thumb\\/women\\/95.jpg"},"nat":"NL"}'),
	('Fransina Nas', '2', 'fransina.nas@example.com', '7961 Faunaberg', 12, 6, 'B', '{"gender":"female","name":{"title":"Miss","first":"Fransina","last":"Nas"},"location":{"street":{"number":7961,"name":"Faunaberg"},"city":"Veelerveen","state":"Overijssel","country":"Netherlands","postcode":"0253 KS","coordinates":{"latitude":"33.9771","longitude":"36.1798"},"timezone":{"offset":"-2:00","description":"Mid-Atlantic"}},"email":"fransina.nas@example.com","login":{"uuid":"4746c8db-9ca8-4d95-8439-bffcc35ce9c5","username":"purplepanda992","password":"camel","salt":"UQFZJwps","md5":"83f7ab5b6f996dae1562969680abbba3","sha1":"03747b298b0e70f7b8c29772b0c2099ef34a15cd","sha256":"5b624388e3bec9824cf24cdf4c5c519c9d88542d13e09c0bbe84e50d9c4e42d5"},"dob":{"date":"1997-11-28T05:18:39.299Z","age":26},"registered":{"date":"2018-01-01T15:26:00.621Z","age":6},"phone":"(0377) 359807","cell":"(06) 65035952","id":{"name":"BSN","value":"22523378"},"picture":{"large":"https:\\/\\/randomuser.me\\/api\\/portraits\\/women\\/77.jpg","medium":"https:\\/\\/randomuser.me\\/api\\/portraits\\/med\\/women\\/77.jpg","thumbnail":"https:\\/\\/randomuser.me\\/api\\/portraits\\/thumb\\/women\\/77.jpg"},"nat":"NL"}'),
	('Hannes Hildebrandt', '1', 'hannes.hildebrandt@example.com', '2219 Jahnstraße', 17, 4, 'C', '{"gender":"male","name":{"title":"Mr","first":"Hannes","last":"Hildebrandt"},"location":{"street":{"number":2219,"name":"Jahnstra\\u00dfe"},"city":"Lohmar","state":"Nordrhein-Westfalen","country":"Germany","postcode":29241,"coordinates":{"latitude":"-55.5828","longitude":"-127.6461"},"timezone":{"offset":"-7:00","description":"Mountain Time (US & Canada)"}},"email":"hannes.hildebrandt@example.com","login":{"uuid":"55237893-ae2f-4c3e-8480-392116d3d097","username":"orangebear296","password":"curious","salt":"N3k0Uo5a","md5":"49b1866d64ee200ea830e50793d0a715","sha1":"1861b7bb12bf3c0c2798b8ee53af1fb33f87576e","sha256":"6b4bec78b974cb5670d3cf8a5305298019a9a74f8834997d88166d65fa404dd4"},"dob":{"date":"1978-09-11T19:50:48.981Z","age":45},"registered":{"date":"2005-03-01T22:02:18.162Z","age":19},"phone":"0138-2805467","cell":"0178-4247251","id":{"name":"SVNR","value":"67 110978 H 092"},"picture":{"large":"https:\\/\\/randomuser.me\\/api\\/portraits\\/men\\/10.jpg","medium":"https:\\/\\/randomuser.me\\/api\\/portraits\\/med\\/men\\/10.jpg","thumbnail":"https:\\/\\/randomuser.me\\/api\\/portraits\\/thumb\\/men\\/10.jpg"},"nat":"DE"}'),
	('Hilda Mateo', '2', 'hilda.mateo@example.com', '5900 Continuación Azerbaiyán', 12, 3, 'E', '{"gender":"female","name":{"title":"Ms","first":"Hilda","last":"Mateo"},"location":{"street":{"number":5900,"name":"Continuaci\\u00f3n Azerbaiy\\u00e1n"},"city":"Quila","state":"Nuevo Leon","country":"Mexico","postcode":99754,"coordinates":{"latitude":"29.4441","longitude":"148.6684"},"timezone":{"offset":"+4:30","description":"Kabul"}},"email":"hilda.mateo@example.com","login":{"uuid":"78da96a9-f051-4178-be84-e0e9b7c06cd2","username":"crazytiger129","password":"kittens","salt":"bwheBFS6","md5":"2cbb30cdf272390de57ff7eb9c9033c0","sha1":"e65c9fc681696a28ecc01b4f42169d08c4aad1bb","sha256":"07c079a583c5a14f2375af82ef1a233ae018aaee1d1e2a8a7f88d361a8dfcf1c"},"dob":{"date":"1995-09-04T18:59:10.857Z","age":28},"registered":{"date":"2013-08-15T11:52:42.873Z","age":10},"phone":"(647) 048 8197","cell":"(640) 836 7759","id":{"name":"NSS","value":"17 53 41 8434 1"},"picture":{"large":"https:\\/\\/randomuser.me\\/api\\/portraits\\/women\\/67.jpg","medium":"https:\\/\\/randomuser.me\\/api\\/portraits\\/med\\/women\\/67.jpg","thumbnail":"https:\\/\\/randomuser.me\\/api\\/portraits\\/thumb\\/women\\/67.jpg"},"nat":"MX"}'),
	('Jordi Gil', '1', 'jordi.gil@example.com', '4603 Paseo de Extremadura', 15, 2, 'B', '{"gender":"male","name":{"title":"Mr","first":"Jordi","last":"Gil"},"location":{"street":{"number":4603,"name":"Paseo de Extremadura"},"city":"Alcobendas","state":"Melilla","country":"Spain","postcode":85414,"coordinates":{"latitude":"-30.2643","longitude":"-26.2341"},"timezone":{"offset":"-3:00","description":"Brazil, Buenos Aires, Georgetown"}},"email":"jordi.gil@example.com","login":{"uuid":"9557e0cd-8dd7-42b0-a343-63587d2bd4fc","username":"crazyelephant482","password":"children","salt":"GZZEiSck","md5":"3248e44c2ef6168f61ffb735f704baaa","sha1":"392f0ad70b2f8ea64c5b093850fed681c0e162c5","sha256":"6a1a806a18ca75876e58f1e51032adeff3ff11b661903be87b83e75fc0af1fab"},"dob":{"date":"1956-11-13T06:25:18.002Z","age":67},"registered":{"date":"2009-08-04T08:41:24.758Z","age":14},"phone":"948-178-297","cell":"643-865-153","id":{"name":"DNI","value":"56560407-O"},"picture":{"large":"https:\\/\\/randomuser.me\\/api\\/portraits\\/men\\/54.jpg","medium":"https:\\/\\/randomuser.me\\/api\\/portraits\\/med\\/men\\/54.jpg","thumbnail":"https:\\/\\/randomuser.me\\/api\\/portraits\\/thumb\\/men\\/54.jpg"},"nat":"ES"}'),
	('Kadir Tunçeri', '1', 'kadir.tunceri@example.com', '5253 Anafartalar Cd', 16, 8, 'A', '{"gender":"male","name":{"title":"Mr","first":"Kadir","last":"Tun\\u00e7eri"},"location":{"street":{"number":5253,"name":"Anafartalar Cd"},"city":"Bayburt","state":"Kilis","country":"Turkey","postcode":60746,"coordinates":{"latitude":"71.5914","longitude":"-41.6299"},"timezone":{"offset":"-11:00","description":"Midway Island, Samoa"}},"email":"kadir.tunceri@example.com","login":{"uuid":"7d081df9-3cc8-42ca-a356-9264413971d9","username":"greengoose660","password":"chad","salt":"mUVGjUON","md5":"54a56f085256c929a7028d89809bf264","sha1":"2cfa67506f6f530e4460dd00c4c72c97f0601efe","sha256":"96fcd329edbca3d030c120343ed4e7eb5dba7ce875bb4799e90fbb10605ee981"},"dob":{"date":"1954-06-16T14:36:12.389Z","age":69},"registered":{"date":"2011-01-05T17:30:56.649Z","age":13},"phone":"(202)-541-8600","cell":"(364)-214-8101","id":{"name":"","value":null},"picture":{"large":"https:\\/\\/randomuser.me\\/api\\/portraits\\/men\\/25.jpg","medium":"https:\\/\\/randomuser.me\\/api\\/portraits\\/med\\/men\\/25.jpg","thumbnail":"https:\\/\\/randomuser.me\\/api\\/portraits\\/thumb\\/men\\/25.jpg"},"nat":"TR"}'),
	('Kathleen Day', '2', 'kathleen.day@example.com', '6663 Tara Street', 16, 3, 'C', '{"gender":"female","name":{"title":"Ms","first":"Kathleen","last":"Day"},"location":{"street":{"number":6663,"name":"Tara Street"},"city":"Westport","state":"Donegal","country":"Ireland","postcode":86818,"coordinates":{"latitude":"2.9506","longitude":"20.3769"},"timezone":{"offset":"-5:00","description":"Eastern Time (US & Canada), Bogota, Lima"}},"email":"kathleen.day@example.com","login":{"uuid":"83f4adf2-d214-4a15-b5f3-7ae2f60ec246","username":"brownkoala695","password":"zhuang","salt":"igtOfvCu","md5":"d4802e2516e48ae40943c3e72a357fce","sha1":"591fb37c3b08ee607665fe080f31a9939ca96858","sha256":"4cc95e2ec45405a18f442907283ef872200898090b3654a3f09d9d7d465e30be"},"dob":{"date":"1995-12-03T20:47:02.160Z","age":28},"registered":{"date":"2005-07-19T21:18:56.187Z","age":18},"phone":"031-087-1234","cell":"081-256-2380","id":{"name":"PPS","value":"8461247T"},"picture":{"large":"https:\\/\\/randomuser.me\\/api\\/portraits\\/women\\/91.jpg","medium":"https:\\/\\/randomuser.me\\/api\\/portraits\\/med\\/women\\/91.jpg","thumbnail":"https:\\/\\/randomuser.me\\/api\\/portraits\\/thumb\\/women\\/91.jpg"},"nat":"IE"}'),
	('Krasnovida Chechel', '2', 'krasnovida.chechel@example.com', '9580 Serpova', 17, 3, 'C', '{"gender":"female","name":{"title":"Mrs","first":"Krasnovida","last":"Chechel"},"location":{"street":{"number":9580,"name":"Serpova"},"city":"Burshtin","state":"Harkivska","country":"Ukraine","postcode":28142,"coordinates":{"latitude":"78.4271","longitude":"55.4842"},"timezone":{"offset":"+6:00","description":"Almaty, Dhaka, Colombo"}},"email":"krasnovida.chechel@example.com","login":{"uuid":"6e9cfc2c-3e52-455b-92e1-4319cac83c8b","username":"bigfish306","password":"trinitro","salt":"3ujwvSui","md5":"babe200c4b6469a30b7955e4456db866","sha1":"46bde1c00c79423eb1bb56ff658eb05d698eb530","sha256":"4edab0ab52df48252b95b66108ce92afa9274f622d327d862e1443045ed831e1"},"dob":{"date":"1948-05-03T21:44:11.246Z","age":75},"registered":{"date":"2014-09-08T23:21:16.103Z","age":9},"phone":"(097) U52-7566","cell":"(096) J51-5318","id":{"name":"","value":null},"picture":{"large":"https:\\/\\/randomuser.me\\/api\\/portraits\\/women\\/75.jpg","medium":"https:\\/\\/randomuser.me\\/api\\/portraits\\/med\\/women\\/75.jpg","thumbnail":"https:\\/\\/randomuser.me\\/api\\/portraits\\/thumb\\/women\\/75.jpg"},"nat":"UA"}'),
	('Libid Bondarko', '2', 'libid.bondarko@example.com', '4438 Tomashivskogo', 14, 4, 'C', '{"gender":"female","name":{"title":"Ms","first":"Libid","last":"Bondarko"},"location":{"street":{"number":4438,"name":"Tomashivskogo"},"city":"Derazhnya","state":"Harkivska","country":"Ukraine","postcode":61225,"coordinates":{"latitude":"74.1779","longitude":"15.1246"},"timezone":{"offset":"-1:00","description":"Azores, Cape Verde Islands"}},"email":"libid.bondarko@example.com","login":{"uuid":"71d67e4c-95ec-414f-b04a-63950e10cb44","username":"redgorilla300","password":"confused","salt":"v6Vhs8Dd","md5":"55563cc9cccdb203ee5f25089d209ae7","sha1":"7d202cb0920a649cf440da37cfed48f63e78b36f","sha256":"146a14a43b6160592ef67706cb174b1833420809b195159a05529ad635654f3c"},"dob":{"date":"1979-04-01T21:19:47.469Z","age":45},"registered":{"date":"2009-03-30T10:28:22.543Z","age":15},"phone":"(099) C07-7239","cell":"(066) K89-0406","id":{"name":"","value":null},"picture":{"large":"https:\\/\\/randomuser.me\\/api\\/portraits\\/women\\/3.jpg","medium":"https:\\/\\/randomuser.me\\/api\\/portraits\\/med\\/women\\/3.jpg","thumbnail":"https:\\/\\/randomuser.me\\/api\\/portraits\\/thumb\\/women\\/3.jpg"},"nat":"UA"}'),
	('Louisa Lau', '2', 'louisa.lau@example.com', '4216 Kopseweg', 13, 5, 'C', '{"gender":"female","name":{"title":"Miss","first":"Louisa","last":"Lau"},"location":{"street":{"number":4216,"name":"Kopseweg"},"city":"Haarlem","state":"Limburg","country":"Netherlands","postcode":"6528 DI","coordinates":{"latitude":"30.3017","longitude":"107.8367"},"timezone":{"offset":"-9:00","description":"Alaska"}},"email":"louisa.lau@example.com","login":{"uuid":"86216f47-59f9-48eb-bdf6-57f8e8ec8655","username":"heavyfrog540","password":"windows","salt":"J9JI7RDY","md5":"942c8e89ca2cdea34f01c4833fa76764","sha1":"2c4171675f8b0a595afc70ba12203280ccd0cf7b","sha256":"f4b7fe3879d5dcebf20666132d15909c2bfe20d69070234fd4945432ee020640"},"dob":{"date":"1999-08-04T12:44:54.884Z","age":24},"registered":{"date":"2013-03-19T08:25:12.795Z","age":11},"phone":"(0129) 889603","cell":"(06) 46739757","id":{"name":"BSN","value":"90721459"},"picture":{"large":"https:\\/\\/randomuser.me\\/api\\/portraits\\/women\\/88.jpg","medium":"https:\\/\\/randomuser.me\\/api\\/portraits\\/med\\/women\\/88.jpg","thumbnail":"https:\\/\\/randomuser.me\\/api\\/portraits\\/thumb\\/women\\/88.jpg"},"nat":"NL"}'),
	('Ludwig Thomas', '1', 'ludwig.thomas@example.com', '9259 Avenue du Fort-Caire', 14, 3, 'C', '{"gender":"male","name":{"title":"Monsieur","first":"Ludwig","last":"Thomas"},"location":{"street":{"number":9259,"name":"Avenue du Fort-Caire"},"city":"Ch\\u00e2tillon (Fr)","state":"Glarus","country":"Switzerland","postcode":9277,"coordinates":{"latitude":"-62.2117","longitude":"-54.4451"},"timezone":{"offset":"+9:30","description":"Adelaide, Darwin"}},"email":"ludwig.thomas@example.com","login":{"uuid":"9fee1250-3963-47fa-848b-bd41e9e1fbb8","username":"orangepeacock774","password":"dog123","salt":"mJzmC0QI","md5":"a65470e92c30ec8ecf210c2b2b6ad86a","sha1":"0de522c54638c491cb23a83177b43d466a68e289","sha256":"7d3b6e03422bdc7925ba33b004ac605506048bf4e50de8d24c74905c71ac024f"},"dob":{"date":"1993-09-18T12:44:26.179Z","age":30},"registered":{"date":"2007-05-12T03:00:30.085Z","age":16},"phone":"078 909 76 53","cell":"079 705 84 29","id":{"name":"AVS","value":"756.0944.0466.88"},"picture":{"large":"https:\\/\\/randomuser.me\\/api\\/portraits\\/men\\/11.jpg","medium":"https:\\/\\/randomuser.me\\/api\\/portraits\\/med\\/men\\/11.jpg","thumbnail":"https:\\/\\/randomuser.me\\/api\\/portraits\\/thumb\\/men\\/11.jpg"},"nat":"CH"}'),
	('Malthe Christensen', '1', 'malthe.christensen@example.com', '825 Skovvangsvej', 14, 5, 'C', '{"gender":"male","name":{"title":"Mr","first":"Malthe","last":"Christensen"},"location":{"street":{"number":825,"name":"Skovvangsvej"},"city":"Agerb\\u00e6k","state":"Syddanmark","country":"Denmark","postcode":61375,"coordinates":{"latitude":"-44.5636","longitude":"-107.2673"},"timezone":{"offset":"+5:00","description":"Ekaterinburg, Islamabad, Karachi, Tashkent"}},"email":"malthe.christensen@example.com","login":{"uuid":"80a1b0f9-53a0-4e3d-b29e-69db8cf40659","username":"organicswan461","password":"boulder","salt":"umOb3oYo","md5":"f6d99e02ae5a93d0827a53be705515e9","sha1":"532c616b220ef4b0efa8564de0a031e1ff6daa08","sha256":"18f872d6f2aa03a7dbecd2b1a50000286c915181f71b08f544d01bb4fe3ef1d8"},"dob":{"date":"1979-11-10T18:25:00.786Z","age":44},"registered":{"date":"2019-07-29T10:56:18.703Z","age":4},"phone":"57920335","cell":"62579943","id":{"name":"CPR","value":"101179-3793"},"picture":{"large":"https:\\/\\/randomuser.me\\/api\\/portraits\\/men\\/70.jpg","medium":"https:\\/\\/randomuser.me\\/api\\/portraits\\/med\\/men\\/70.jpg","thumbnail":"https:\\/\\/randomuser.me\\/api\\/portraits\\/thumb\\/men\\/70.jpg"},"nat":"DK"}'),
	('Nooa Lakso', '1', 'nooa.lakso@example.com', '7539 Otavalankatu', 12, 3, 'E', '{"gender":"male","name":{"title":"Mr","first":"Nooa","last":"Lakso"},"location":{"street":{"number":7539,"name":"Otavalankatu"},"city":"Kuhmoinen","state":"Kainuu","country":"Finland","postcode":61830,"coordinates":{"latitude":"-26.1900","longitude":"-146.6156"},"timezone":{"offset":"-1:00","description":"Azores, Cape Verde Islands"}},"email":"nooa.lakso@example.com","login":{"uuid":"a66c8529-48c8-4a49-aa20-39fb06a52e23","username":"blackbird319","password":"muscle","salt":"qGWFPtKy","md5":"e3ef7bd4675a9b6db8522fead69b03d3","sha1":"d525fed0a73fc6e3fda58ec94c5d60087a85b67c","sha256":"6b42508fe88018b4522a863eab63d58ca5a75d7e3164b93765f7fcc1a067a994"},"dob":{"date":"1979-06-20T03:18:09.517Z","age":44},"registered":{"date":"2021-04-30T06:33:45.666Z","age":3},"phone":"02-363-191","cell":"042-132-94-02","id":{"name":"HETU","value":"NaNNA065undefined"},"picture":{"large":"https:\\/\\/randomuser.me\\/api\\/portraits\\/men\\/72.jpg","medium":"https:\\/\\/randomuser.me\\/api\\/portraits\\/med\\/men\\/72.jpg","thumbnail":"https:\\/\\/randomuser.me\\/api\\/portraits\\/thumb\\/men\\/72.jpg"},"nat":"FI"}'),
	('Oskari Oja', '1', 'oskari.oja@example.com', '2002 Rotuaari', 19, 5, 'C', '{"gender":"male","name":{"title":"Mr","first":"Oskari","last":"Oja"},"location":{"street":{"number":2002,"name":"Rotuaari"},"city":"Kankaanp\\u00e4\\u00e4","state":"Northern Ostrobothnia","country":"Finland","postcode":10586,"coordinates":{"latitude":"-27.4695","longitude":"-31.2650"},"timezone":{"offset":"-3:00","description":"Brazil, Buenos Aires, Georgetown"}},"email":"oskari.oja@example.com","login":{"uuid":"ba53b360-784e-4685-805d-89e96c2aad08","username":"greenswan557","password":"5656","salt":"DIr6zHta","md5":"180187209645ad8423ed42e8134df466","sha1":"ab9ae06f54128c39a083c55fcac731d2f764ed55","sha256":"45e3a49be6f8f662b93e9be38e5d4e7a0a415b078504f7c744bfcd3ffe85f9cf"},"dob":{"date":"1977-02-17T21:03:37.458Z","age":47},"registered":{"date":"2020-10-05T22:41:48.676Z","age":3},"phone":"05-816-680","cell":"045-064-45-53","id":{"name":"HETU","value":"NaNNA843undefined"},"picture":{"large":"https:\\/\\/randomuser.me\\/api\\/portraits\\/men\\/59.jpg","medium":"https:\\/\\/randomuser.me\\/api\\/portraits\\/med\\/men\\/59.jpg","thumbnail":"https:\\/\\/randomuser.me\\/api\\/portraits\\/thumb\\/men\\/59.jpg"},"nat":"FI"}'),
	('Riley Cox', '2', 'riley.cox@example.com', '7175 Mockingbird Ln', 20, 4, 'C', '{"gender":"female","name":{"title":"Mrs","first":"Riley","last":"Cox"},"location":{"street":{"number":7175,"name":"Mockingbird Ln"},"city":"Chattanooga","state":"New York","country":"United States","postcode":18498,"coordinates":{"latitude":"87.4565","longitude":"126.9249"},"timezone":{"offset":"+7:00","description":"Bangkok, Hanoi, Jakarta"}},"email":"riley.cox@example.com","login":{"uuid":"c2acb82a-1feb-45fc-a9c4-96d56e757196","username":"goldenlion474","password":"sales","salt":"05Rt0YBM","md5":"62075654514561b950a97bbf94874134","sha1":"10b18c891239641b98f91ecd3062e88e19127fb7","sha256":"105da4c7bb9a833c10f6e52289faef4bc6d3a2d759745dcbe36863d07afc9d64"},"dob":{"date":"1992-02-15T04:49:20.955Z","age":32},"registered":{"date":"2008-08-06T02:08:11.884Z","age":15},"phone":"(943) 516-4534","cell":"(943) 835-2562","id":{"name":"SSN","value":"459-21-0583"},"picture":{"large":"https:\\/\\/randomuser.me\\/api\\/portraits\\/women\\/39.jpg","medium":"https:\\/\\/randomuser.me\\/api\\/portraits\\/med\\/women\\/39.jpg","thumbnail":"https:\\/\\/randomuser.me\\/api\\/portraits\\/thumb\\/women\\/39.jpg"},"nat":"US"}'),
	('Ryder Walker', '1', 'ryder.walker@example.com', '3057 Cedar St', 13, 5, 'B', '{"gender":"male","name":{"title":"Mr","first":"Ryder","last":"Walker"},"location":{"street":{"number":3057,"name":"Cedar St"},"city":"Cartwright","state":"Newfoundland and Labrador","country":"Canada","postcode":"B6O 7U8","coordinates":{"latitude":"-65.9483","longitude":"-8.5159"},"timezone":{"offset":"+7:00","description":"Bangkok, Hanoi, Jakarta"}},"email":"ryder.walker@example.com","login":{"uuid":"ded4326c-9205-4025-99cb-8394d2452065","username":"smallpanda574","password":"mallard","salt":"MibvakxK","md5":"89bac71497619d7cb6a49460b20a05cf","sha1":"82ce8719c5137485d7ee70af3fd136e721aea59b","sha256":"0f902a866163829828c8e1b1f3fae1acdb055ff1a178fb5fb2c37dde7f3d651e"},"dob":{"date":"1957-02-02T17:28:18.713Z","age":67},"registered":{"date":"2014-06-04T03:27:26.181Z","age":9},"phone":"V13 J10-4364","cell":"Z47 V42-7724","id":{"name":"SIN","value":"480592708"},"picture":{"large":"https:\\/\\/randomuser.me\\/api\\/portraits\\/men\\/31.jpg","medium":"https:\\/\\/randomuser.me\\/api\\/portraits\\/med\\/men\\/31.jpg","thumbnail":"https:\\/\\/randomuser.me\\/api\\/portraits\\/thumb\\/men\\/31.jpg"},"nat":"CA"}'),
	('Tracy Price', '1', 'tracy.price@example.com', '3652 Central St', 13, 4, 'D', '{"gender":"male","name":{"title":"Mr","first":"Tracy","last":"Price"},"location":{"street":{"number":3652,"name":"Central St"},"city":"Rialto","state":"Oregon","country":"United States","postcode":51188,"coordinates":{"latitude":"83.9057","longitude":"-73.5961"},"timezone":{"offset":"+4:30","description":"Kabul"}},"email":"tracy.price@example.com","login":{"uuid":"eba51bb7-60ef-4c0e-aa9a-524d0b17bf5d","username":"purpleostrich425","password":"myself","salt":"xa59Uc6O","md5":"23b2a0dda743e03d0dc796770989fd25","sha1":"bfc410727afe4d792a6aa99ab8adbd2900da027a","sha256":"9965420f9be73d41bdefa9d94d75cfc6e527aa90e29c48ca096791620af2615c"},"dob":{"date":"1952-04-08T04:40:14.223Z","age":72},"registered":{"date":"2007-10-01T11:36:12.100Z","age":16},"phone":"(261) 569-3863","cell":"(931) 483-2462","id":{"name":"SSN","value":"155-42-7718"},"picture":{"large":"https:\\/\\/randomuser.me\\/api\\/portraits\\/men\\/82.jpg","medium":"https:\\/\\/randomuser.me\\/api\\/portraits\\/med\\/men\\/82.jpg","thumbnail":"https:\\/\\/randomuser.me\\/api\\/portraits\\/thumb\\/men\\/82.jpg"},"nat":"US"}'),
	('Tristan Christiansen', '1', 'tristan.christiansen@example.com', '5326 Egelunden', 21, 3, 'C', '{"gender":"male","name":{"title":"Mr","first":"Tristan","last":"Christiansen"},"location":{"street":{"number":5326,"name":"Egelunden"},"city":"Allinge","state":"Hovedstaden","country":"Denmark","postcode":71538,"coordinates":{"latitude":"-43.6350","longitude":"-22.7438"},"timezone":{"offset":"-3:00","description":"Brazil, Buenos Aires, Georgetown"}},"email":"tristan.christiansen@example.com","login":{"uuid":"e258203a-d81e-45fb-a001-eaa81d1ecbfa","username":"angrybutterfly897","password":"1230","salt":"2Hg3w7TP","md5":"497506a12201ff9761663e39514cf254","sha1":"07458a8f6691c0b59bb105714ed01245450c4b3e","sha256":"6aff055edfa7d38ba012b0d1f9ec17bd84e77eb8ba7fcd431b0c90549ce5ffa9"},"dob":{"date":"1982-04-19T00:27:43.236Z","age":42},"registered":{"date":"2014-12-18T01:19:07.717Z","age":9},"phone":"08087796","cell":"87230498","id":{"name":"CPR","value":"180482-7418"},"picture":{"large":"https:\\/\\/randomuser.me\\/api\\/portraits\\/men\\/54.jpg","medium":"https:\\/\\/randomuser.me\\/api\\/portraits\\/med\\/men\\/54.jpg","thumbnail":"https:\\/\\/randomuser.me\\/api\\/portraits\\/thumb\\/men\\/54.jpg"},"nat":"DK"}');
/*!40000 ALTER TABLE `hasil_response` ENABLE KEYS */;

-- Dumping structure for table pretest-one.jenis_kelamin
CREATE TABLE IF NOT EXISTS `jenis_kelamin` (
  `kode` int(11) NOT NULL,
  `jenis_kelamin` varchar(255) NOT NULL
) ENGINE=InnoDB DEFAULT CHARSET=utf8mb4 COLLATE=utf8mb4_unicode_ci;

-- Dumping data for table pretest-one.jenis_kelamin: ~2 rows (approximately)
/*!40000 ALTER TABLE `jenis_kelamin` DISABLE KEYS */;
INSERT INTO `jenis_kelamin` (`kode`, `jenis_kelamin`) VALUES
	(1, 'Laki-Laki'),
	(2, 'Perempuan');
/*!40000 ALTER TABLE `jenis_kelamin` ENABLE KEYS */;

-- Dumping structure for table pretest-one.migrations
CREATE TABLE IF NOT EXISTS `migrations` (
  `id` int(10) unsigned NOT NULL AUTO_INCREMENT,
  `migration` varchar(255) NOT NULL,
  `batch` int(11) NOT NULL,
  PRIMARY KEY (`id`)
) ENGINE=InnoDB AUTO_INCREMENT=8 DEFAULT CHARSET=utf8mb4 COLLATE=utf8mb4_unicode_ci;

-- Dumping data for table pretest-one.migrations: ~7 rows (approximately)
/*!40000 ALTER TABLE `migrations` DISABLE KEYS */;
INSERT INTO `migrations` (`id`, `migration`, `batch`) VALUES
	(1, '2014_10_12_000000_create_users_table', 1),
	(2, '2014_10_12_100000_create_password_reset_tokens_table', 1),
	(3, '2019_08_19_000000_create_failed_jobs_table', 1),
	(4, '2019_12_14_000001_create_personal_access_tokens_table', 1),
	(5, '2024_04_30_021111_create_hasil_response_table', 1),
	(6, '2024_04_30_022331_create_jenis_kelamin_table', 1),
	(7, '2024_04_30_022406_create_table_profesi_table', 1);
/*!40000 ALTER TABLE `migrations` ENABLE KEYS */;

-- Dumping structure for table pretest-one.password_reset_tokens
CREATE TABLE IF NOT EXISTS `password_reset_tokens` (
  `email` varchar(255) NOT NULL,
  `token` varchar(255) NOT NULL,
  `created_at` timestamp NULL DEFAULT NULL,
  PRIMARY KEY (`email`)
) ENGINE=InnoDB DEFAULT CHARSET=utf8mb4 COLLATE=utf8mb4_unicode_ci;

-- Dumping data for table pretest-one.password_reset_tokens: ~0 rows (approximately)
/*!40000 ALTER TABLE `password_reset_tokens` DISABLE KEYS */;
/*!40000 ALTER TABLE `password_reset_tokens` ENABLE KEYS */;

-- Dumping structure for table pretest-one.personal_access_tokens
CREATE TABLE IF NOT EXISTS `personal_access_tokens` (
  `id` bigint(20) unsigned NOT NULL AUTO_INCREMENT,
  `tokenable_type` varchar(255) NOT NULL,
  `tokenable_id` bigint(20) unsigned NOT NULL,
  `name` varchar(255) NOT NULL,
  `token` varchar(64) NOT NULL,
  `abilities` text DEFAULT NULL,
  `last_used_at` timestamp NULL DEFAULT NULL,
  `expires_at` timestamp NULL DEFAULT NULL,
  `created_at` timestamp NULL DEFAULT NULL,
  `updated_at` timestamp NULL DEFAULT NULL,
  PRIMARY KEY (`id`),
  UNIQUE KEY `personal_access_tokens_token_unique` (`token`),
  KEY `personal_access_tokens_tokenable_type_tokenable_id_index` (`tokenable_type`,`tokenable_id`)
) ENGINE=InnoDB DEFAULT CHARSET=utf8mb4 COLLATE=utf8mb4_unicode_ci;

-- Dumping data for table pretest-one.personal_access_tokens: ~0 rows (approximately)
/*!40000 ALTER TABLE `personal_access_tokens` DISABLE KEYS */;
/*!40000 ALTER TABLE `personal_access_tokens` ENABLE KEYS */;

-- Dumping structure for table pretest-one.tabel_profesi
CREATE TABLE IF NOT EXISTS `tabel_profesi` (
  `kode` char(255) NOT NULL,
  `nama_profesi` varchar(255) NOT NULL
) ENGINE=InnoDB DEFAULT CHARSET=utf8mb4 COLLATE=utf8mb4_unicode_ci;

-- Dumping data for table pretest-one.tabel_profesi: ~5 rows (approximately)
/*!40000 ALTER TABLE `tabel_profesi` DISABLE KEYS */;
INSERT INTO `tabel_profesi` (`kode`, `nama_profesi`) VALUES
	('A', 'Petani'),
	('B', 'Teknisi'),
	('C', 'Guru'),
	('D', 'Nelayan'),
	('E', 'Seniman');
/*!40000 ALTER TABLE `tabel_profesi` ENABLE KEYS */;

-- Dumping structure for table pretest-one.users
CREATE TABLE IF NOT EXISTS `users` (
  `id` bigint(20) unsigned NOT NULL AUTO_INCREMENT,
  `name` varchar(255) NOT NULL,
  `email` varchar(255) NOT NULL,
  `email_verified_at` timestamp NULL DEFAULT NULL,
  `password` varchar(255) NOT NULL,
  `remember_token` varchar(100) DEFAULT NULL,
  `created_at` timestamp NULL DEFAULT NULL,
  `updated_at` timestamp NULL DEFAULT NULL,
  PRIMARY KEY (`id`),
  UNIQUE KEY `users_email_unique` (`email`)
) ENGINE=InnoDB DEFAULT CHARSET=utf8mb4 COLLATE=utf8mb4_unicode_ci;

-- Dumping data for table pretest-one.users: ~0 rows (approximately)
/*!40000 ALTER TABLE `users` DISABLE KEYS */;
/*!40000 ALTER TABLE `users` ENABLE KEYS */;

/*!40101 SET SQL_MODE=IFNULL(@OLD_SQL_MODE, '') */;
/*!40014 SET FOREIGN_KEY_CHECKS=IF(@OLD_FOREIGN_KEY_CHECKS IS NULL, 1, @OLD_FOREIGN_KEY_CHECKS) */;
/*!40101 SET CHARACTER_SET_CLIENT=@OLD_CHARACTER_SET_CLIENT */;
/*!40111 SET SQL_NOTES=@OLD_SQL_NOTES */;
